Model,Accuracy,CV Accuracy,ROC-AUC
Logistic Regression,0.4945807187678266,0.5019971469329529,0.4967997169143666
Random Forest,0.6406160867084997,0.6410841654778887,0.5045293701344657
Gradient Boosting,0.6349115801483172,0.6350927246790299,0.5062866242038216
